dt,k,n_steps,mean_error,std_error,estimated_rate
0.03125,5,32,0.005741463367893738,0.00012287809365082314,1.1311734811453604
0.015625,6,64,0.0027122256528841304,6.662347775362489e-05,1.1311734811453604
0.0078125,7,128,0.0011967082967779981,3.030370179277571e-05,1.1311734811453604
