n_x,dx,L2_error
100,0.1,0.14576742047229957
200,0.05,0.039151658164101884
400,0.025,0.01003071431952195
800,0.0125,0.002523711604748881
