N,mean_W2_sq,stderr
3200,0.00001844,1.93e-06
6400,0.00000926,8.93e-07
12800,0.00000450,5.79e-07
25600,0.00000247,3.01e-07
51200,0.00000112,1.24e-07
