N,wall_time_s,time_per_particle_us
1000,0.002114085999991744,2.114085999991744
10000,0.011209162000000106,1.1209162000000106
100000,0.13478815399999178,1.3478815399999178
1000000,1.418671964000012,1.418671964000012
